epoch;loss;val_loss
0;0.021342305466532707;0.020507460460066795
1;0.01101252157241106;0.014130734838545322
2;0.00825205072760582;0.00933395978063345
